parametro,tipo,valor_guideline,unidad,provisional,notas
Acrylamide,químico,0.5,µg/l,,Carcinógeno (riesgo 10⁻⁵). Concentración monomérica residual
Alachlor,químico,20,µg/l,,Carcinógeno (riesgo 10⁻⁵)
Aldicarb,químico,10,µg/l,,Aplica a aldicarb sulfóxido y aldicarb sulfona
Aldrin and dieldrin,químico,0.03,µg/l,,Combinado aldrina + dieldrina
Antimony,químico,20,µg/l,,
Arsenic,químico,10,µg/l,"A, T",Provisional: bajo nivel de cuantificación y de tratamiento práctico
Atrazine and chloro-s-triazine metabolites,químico,100,µg/l,,
Barium,químico,1300,µg/l,,
Benzene,químico,10,µg/l,,Carcinógeno (riesgo 10⁻⁵)
Benzo[a]pyrene,químico,0.7,µg/l,,Carcinógeno (riesgo 10⁻⁵)
Boron,químico,2400,µg/l,,
Bromate,químico,10,µg/l,"A, T",Carcinógeno (riesgo 10⁻⁵). Provisional: bajo nivel de cuantificación y de tratamiento
Bromodichloromethane,químico,60,µg/l,,Carcinógeno (riesgo 10⁻⁵)
Bromoform,químico,100,µg/l,,
Cadmium,químico,3,µg/l,,
Carbofuran,químico,7,µg/l,,
Carbon tetrachloride,químico,4,µg/l,,
Chlorate,químico,700,µg/l,D,Provisional: la desinfección puede causar superación
Chlordane,químico,0.2,µg/l,,
Chlorine (free),químico,5000,µg/l,C,"Valor basado en salud, pero problemas estéticos a concentraciones inferiores"
Chlorite,químico,700,µg/l,D,Provisional: la desinfección puede causar superación
Chloroform,químico,300,µg/l,,
Chlorotoluron,químico,30,µg/l,,
Chlorpyrifos,químico,30,µg/l,,
Chromium (total),químico,50,µg/l,,
Copper,químico,2000,µg/l,,Manchas en ropa y sanitarios pueden ocurrir bajo el valor guía
Cyanazine,químico,0.6,µg/l,,
Cylindrospermopsins (cyanotoxin),químico,0.7,µg/l,P,"Provisional. Exposición largo plazo. Corto plazo: 3 µg/l (P). Total cilindrospermopsinas (suma congéneres, libre + celular)"
2-4-D (2-4-Dichlorophenoxyacetic acid),químico,30,µg/l,,Aplica al ácido libre
2-4-DB (2-4-Dichlorophenoxybutyric acid),químico,90,µg/l,,
DDT and metabolites,químico,1,µg/l,,
Dibromoacetonitrile,químico,70,µg/l,,
Dibromochloromethane,químico,100,µg/l,,
1-2-Dibromo-3-chloropropane,químico,1,µg/l,,
1-2-Dibromoethane,químico,0.4,µg/l,P,Carcinógeno (riesgo 10⁻⁵). Provisional: incertidumbre en datos de salud
Dichloroacetate,químico,50,µg/l,D,Carcinógeno (riesgo 10⁻⁵). Provisional: la desinfección puede causar superación
Dichloroacetonitrile,químico,20,µg/l,P,Provisional: incertidumbre en datos de salud
1-2-Dichlorobenzene,químico,1000,µg/l,C,"Valor basado en salud, pero problemas estéticos a concentraciones inferiores"
1-4-Dichlorobenzene,químico,300,µg/l,C,"Valor basado en salud, pero problemas estéticos a concentraciones inferiores"
1-2-Dichloroethane,químico,30,µg/l,,Carcinógeno (riesgo 10⁻⁵)
1-2-Dichloroethene,químico,50,µg/l,,
Dichloromethane,químico,20,µg/l,,
1-2-Dichloropropane,químico,40,µg/l,P,Provisional: incertidumbre en datos de salud
1-3-Dichloropropene,químico,20,µg/l,,Carcinógeno (riesgo 10⁻⁵)
Dichlorprop,químico,100,µg/l,,
Di(2-ethylhexyl)phthalate,químico,8,µg/l,,
Dimethoate,químico,6,µg/l,,
1-4-Dioxane,químico,50,µg/l,,Carcinógeno (riesgo 10⁻⁵). Derivado tanto por TDI como por modelado multietapa
Edetic acid (EDTA),químico,600,µg/l,,Aplica al ácido libre
Endrin,químico,0.6,µg/l,,
Epichlorohydrin,químico,0.4,µg/l,P,Provisional: incertidumbre en datos de salud
Ethylbenzene,químico,300,µg/l,C,"Valor basado en salud, pero problemas estéticos a concentraciones inferiores"
Fenoprop,químico,9,µg/l,,
Fluoride,químico,1500,µg/l,,Considerar volumen de agua consumida e ingesta de otras fuentes al fijar estándares nacionales
Hexachlorobutadiene,químico,0.6,µg/l,,
Hydroxyatrazine,químico,200,µg/l,,Metabolito de atrazina
Isoproturon,químico,9,µg/l,,
Lead,químico,10,µg/l,"A, T",Provisional: bajo nivel de cuantificación y de tratamiento práctico
Lindane,químico,2,µg/l,,
Manganese (total),químico,80,µg/l,P,"Provisional. Considerar aspectos estéticos y de salud al fijar estándares nacionales"
Mecoprop,químico,10,µg/l,,
Mercury (inorganic),químico,6,µg/l,,
Methoxychlor,químico,20,µg/l,,
Metolachlor,químico,10,µg/l,,
Microcystins (cyanotoxin),químico,1,µg/l,P,"Provisional. Exposición largo plazo. Corto plazo: 12 µg/l (P). Total microcistinas (suma congéneres, libre + celular)"
Molinate,químico,6,µg/l,,
Monochloramine,químico,3000,µg/l,,
Monochloroacetate,químico,20,µg/l,,
Nickel,químico,70,µg/l,,Basado en efectos a largo plazo pero protector para efectos a corto plazo
Nitrate (as NO3-),químico,50000,µg/l,,Basado en efectos a corto plazo pero protector a largo plazo
Nitrilotriacetic acid,químico,200,µg/l,,
Nitrite (as NO2-),químico,3000,µg/l,,Basado en efectos a corto plazo pero protector a largo plazo
N-Nitrosodimethylamine (NDMA),químico,0.1,µg/l,,
Pendimethalin,químico,20,µg/l,,
Pentachlorophenol,químico,9,µg/l,P,Carcinógeno (riesgo 10⁻⁵). Provisional: incertidumbre en datos de salud
Perchlorate,químico,70,µg/l,,
Saxitoxins (cyanotoxin),químico,3,µg/l,,"Exposición aguda. Total saxitoxinas (suma congéneres, libre + celular)"
Selenium,químico,40,µg/l,P,Provisional: incertidumbre en datos de salud
Simazine,químico,2,µg/l,,
Sodium dichloroisocyanurate,químico,50000,µg/l,,"Como NaDCC. Como ácido cianúrico: 40000 µg/l"
Styrene,químico,20,µg/l,C,"Valor basado en salud, pero problemas estéticos a concentraciones inferiores"
2-4-5-T (2-4-5-Trichlorophenoxyacetic acid),químico,9,µg/l,,
Terbuthylazine,químico,7,µg/l,,
Tetrachloroethene,químico,100,µg/l,,
Toluene,químico,700,µg/l,C,"Valor basado en salud, pero problemas estéticos a concentraciones inferiores"
Trichloroacetate,químico,200,µg/l,,
Trichloroethene,químico,8,µg/l,,
2-4-6-Trichlorophenol,químico,200,µg/l,C,"Carcinógeno (riesgo 10⁻⁵). Valor basado en salud, pero problemas estéticos a concentraciones inferiores"
Trifluralin,químico,20,µg/l,,
Trihalomethanes (sum ratio),químico,,,"","No tiene valor numérico único. La suma de la ratio concentración/GV de cada THM individual no debe exceder 1"
Uranium,químico,30,µg/l,P,"Provisional. Solo toxicidad química, no radiológica"
Vinyl chloride,químico,0.3,µg/l,,Carcinógeno (riesgo 10⁻⁵)
Xylenes,químico,500,µg/l,C,"Valor basado en salud, pero problemas estéticos a concentraciones inferiores"
Gross alpha activity (screening),radiológico,0.5,Bq/l,,Nivel de cribado. Si se supera: investigar radionucleidos específicos
Gross beta activity (screening),radiológico,1,Bq/l,,Nivel de cribado. Si se supera: investigar radionucleidos específicos (restar K-40)
Uranium-238,radionucleido (natural),10,Bq/l,,Nivel de orientación. Cabeza de serie de desintegración del uranio
Uranium-234,radionucleido (natural),1,Bq/l,,Nivel de orientación. Serie de desintegración del uranio
Thorium-230,radionucleido (natural),1,Bq/l,,Nivel de orientación. Serie de desintegración del uranio
Radium-226,radionucleido (natural),1,Bq/l,,Nivel de orientación. Serie de desintegración del uranio
Lead-210,radionucleido (natural),0.1,Bq/l,,Nivel de orientación. Serie de desintegración del uranio
Polonium-210,radionucleido (natural),0.1,Bq/l,,Nivel de orientación. Serie de desintegración del uranio
Thorium-232,radionucleido (natural),1,Bq/l,,Nivel de orientación. Cabeza de serie de desintegración del torio
Radium-228,radionucleido (natural),0.1,Bq/l,,Nivel de orientación. Serie de desintegración del torio
Thorium-228,radionucleido (natural),1,Bq/l,,Nivel de orientación. Serie de desintegración del torio
Caesium-134,radionucleido (artificial),10,Bq/l,,Nivel de orientación. Producto de fisión
Caesium-137,radionucleido (artificial),10,Bq/l,,Nivel de orientación. Producto de fisión
Strontium-90,radionucleido (artificial),10,Bq/l,,Nivel de orientación. Producto de fisión
Iodine-131,radionucleido (artificial),10,Bq/l,,Nivel de orientación. Producto de fisión / medicina nuclear
Tritium,radionucleido (artificial),10000,Bq/l,,Nivel de orientación. Producto de fisión de reactores nucleares
Carbon-14,radionucleido (artificial),100,Bq/l,,Nivel de orientación. Presente naturalmente y en compuestos orgánicos
Plutonium-239,radionucleido (artificial),1,Bq/l,,Nivel de orientación. Formado en reactores nucleares
Americium-241,radionucleido (artificial),1,Bq/l,,Nivel de orientación. Subproducto de reactores nucleares
